Deltahat,Deltahat_S,R,Deltahat_S_se,Deltahat_S_ci_l,Deltahat_S_ci_h,R_se,R_ci_l,R_ci_h,method
77.05904184909888,28.71672015138575,0.6273413286448544,10.519069877208246,14.342399858704884,54.3975590251534,0.11998652193529075,0.298438093398225,0.7930637699627973,linear
77.05904184909888,39.53065598489278,0.48700820778042087,12.308613466538114,15.330605201136702,58.99278147917237,0.14111875582138753,0.2721198946591979,0.7986469842818773,gam
77.05904184909888,34.469200730659,0.5526910288067373,9.959445747682492,8.009695076787843,45.323328273386004,0.12135515231975907,0.372825644623811,0.875667105689648,kernel
77.05904184909888,62.885123202408515,0.18393582773124129,9.040137883038275,45.1664529516535,80.60379345316353,0.05811139050456446,0.07003750234229494,0.29783415312018763,mean
77.05904184909888,34.88118524036888,0.5473446800873144,8.424588900854525,18.36899099469401,51.39337948604375,0.08333153425271023,0.3840148729520024,0.7106744872226265,change
